Name,Year,Certificate,Duration (min),Genre,Rating,Metascore,Vote,Boxoffice (Million $)
Avengers: Infinity War,(2018),PG-13,149.0,"Action, Adventure, Fantasy",8.5,68.0,590606.0,67882.0
Black Panther,(2018),PG-13,134.0,"Action, Adventure, Sci-Fi",7.3,88.0,466942.0,70006.0
Deadpool 2,(2018),R,119.0,"Action, Adventure, Comedy",7.8,66.0,352118.0,32459.0
Ready Player One,(2018),PG-13,140.0,"Action, Adventure, Sci-Fi",7.5,64.0,281326.0,13769.0
A Quiet Place,(2018),PG-13,90.0,"Drama, Horror, Mystery",7.6,82.0,278053.0,18802.0
Bohemian Rhapsody,(2018),PG-13,134.0,"Biography, Drama, Music",8.1,49.0,270587.0,21312.0
Venom,(2018),PG-13,112.0,"Action, Sci-Fi",6.8,35.0,238115.0,21352.0
Mission: Impossible - Fallout,(2018),PG-13,147.0,"Action, Adventure, Thriller",7.8,86.0,216569.0,22016.0
Annihilation,(2018),R,115.0,"Adventure, Drama, Horror",6.9,79.0,213405.0,3273.0
Solo: A Star Wars Story,(2018),PG-13,135.0,"Action, Adventure, Fantasy",7.0,62.0,206808.0,21377.0
Jurassic World: Fallen Kingdom,(2018),PG-13,128.0,"Action, Adventure, Sci-Fi",6.2,51.0,199480.0,41772.0
Ant-Man and the Wasp,(2018),PG-13,118.0,"Action, Adventure, Comedy",7.1,70.0,199017.0,21665.0
A Star Is Born,(2018),R,136.0,"Drama, Music, Romance",7.9,88.0,194686.0,21084.0
Bird Box,(2018),R,124.0,"Drama, Horror, Sci-Fi",6.7,51.0,188916.0,180878.0
Incredibles 2,(2018),PG,118.0,"Animation, Action, Adventure",7.8,80.0,180878.0,60858.0
Aquaman,(2018),PG-13,143.0,"Action, Adventure, Fantasy",7.3,55.0,172189.0,33294.0
Tomb Raider,(2018),PG-13,119.0,"Action, Adventure, Fantasy",6.3,48.0,154475.0,5742.0
Game Night,(I) (2018),R,100.0,"Action, Comedy, Crime",7.0,66.0,151040.0,6900.0
Hereditary,(2018),R,127.0,"Drama, Horror, Mystery",7.3,87.0,133058.0,4407.0
Ocean's 8,(2018),PG-13,110.0,"Action, Comedy, Crime",6.2,61.0,129070.0,13938.0
Red Sparrow,(2018),R,140.0,"Action, Drama, Thriller",6.6,53.0,128911.0,4687.0
Fantastic Beasts: The Crimes of Grindelwald,(2018),PG-13,134.0,"Adventure, Family, Fantasy",6.8,52.0,126141.0,15956.0
BlacKkKlansman,(2018),R,135.0,"Biography, Crime, Drama",7.5,83.0,114805.0,4869.0
Spider-Man: Into the Spider-Verse,(2018),PG,117.0,"Animation, Action, Adventure",8.6,87.0,113739.0,18492.0
Rampage,(2018),PG-13,107.0,"Action, Adventure, Sci-Fi",6.1,45.0,107451.0,9935.0
First Man,(2018),PG-13,141.0,"Biography, Drama, History",7.4,84.0,99341.0,4494.0
The Meg,(2018),PG-13,113.0,"Action, Horror, Sci-Fi",5.7,46.0,98675.0,14544.0
Isle of Dogs,(2018),PG-13,101.0,"Animation, Adventure, Comedy",7.9,82.0,98465.0,3202.0
Upgrade,(2018),R,100.0,"Action, Sci-Fi, Thriller",7.6,67.0,92215.0,1187.0
Green Book,(2018),PG-13,130.0,"Biography, Comedy, Drama",8.3,69.0,90884.0,6965.0
Maze Runner: The Death Cure,(2018),PG-13,143.0,"Action, Sci-Fi, Thriller",6.2,50.0,85875.0,5803.0
Roma,(2018),R,135.0,Drama,7.9,96.0,85476.0,84749.0
The Equalizer 2,(2018),R,121.0,"Action, Crime, Thriller",6.8,50.0,84749.0,10208.0
Sicario: Day of the Soldado,(2018),R,122.0,"Action, Crime, Drama",7.1,61.0,84575.0,5007.0
The Predator,(2018),R,107.0,"Action, Adventure, Sci-Fi",5.4,48.0,84504.0,5102.0
Pacific Rim: Uprising,(2018),PG-13,111.0,"Action, Adventure, Sci-Fi",5.6,44.0,84185.0,5919.0
Searching,(III) (2018),PG-13,102.0,"Drama, Mystery, Thriller",7.7,71.0,81778.0,2602.0
Crazy Rich Asians,(2018),PG-13,120.0,"Comedy, Romance",7.0,74.0,80370.0,17453.0
The Cloverfield Paradox,(2018),PG-13,102.0,"Drama, Horror, Mystery",5.6,37.0,79660.0,79443.0
The Nun,(2018),R,96.0,"Horror, Mystery, Thriller",5.4,46.0,79443.0,11744.0
The Commuter,(I) (2018),PG-13,105.0,"Action, Mystery, Thriller",6.3,56.0,77757.0,3634.0
Halloween,(I) (2018),R,106.0,"Horror, Thriller",6.7,67.0,77324.0,15934.0
"Love, Simon",(2018),PG-13,110.0,"Comedy, Drama, Romance",7.7,72.0,75895.0,4083.0
The Ballad of Buster Scruggs,(2018),R,133.0,"Comedy, Drama, Musical",7.3,79.0,73911.0,73660.0
The Favourite,(2018),R,119.0,"Biography, Comedy, Drama",7.8,90.0,73660.0,3212.0
Tag,(I) (2018),R,100.0,Comedy,6.6,56.0,72871.0,5455.0
Skyscraper,(2018),PG-13,102.0,"Action, Adventure, Thriller",5.9,51.0,70903.0,6780.0
A Simple Favor,(2018),R,117.0,"Comedy, Crime, Drama",6.9,67.0,70468.0,5354.0
Bad Times at the El Royale,(2018),R,141.0,"Crime, Drama, Mystery",7.1,60.0,68889.0,1784.0
Den of Thieves,(2018),R,140.0,"Action, Crime, Drama",7.0,49.0,64767.0,4495.0
Ralph Breaks the Internet,(2018),PG,111.0,"Animation, Adventure, Comedy",7.2,71.0,57141.0,19987.0
To All the Boys I've Loved Before,(2018),TV-14,99.0,"Drama, Romance",7.3,64.0,55011.0,53355.0
Mamma Mia! Here We Go Again,(2018),PG-13,114.0,"Comedy, Musical, Romance",6.8,60.0,53355.0,12063.0
Bumblebee,(2018),PG-13,114.0,"Action, Adventure, Sci-Fi",7.1,66.0,52867.0,12693.0
Blockers,(2018),R,102.0,Comedy,6.2,69.0,52485.0,5984.0
Creed II,(2018),PG-13,130.0,"Drama, Sport",7.4,66.0,47239.0,11569.0
Widows,(2018),R,129.0,"Crime, Drama, Thriller",7.1,84.0,46627.0,4240.0
12 Strong,(2018),R,130.0,"Action, Drama, History",6.6,54.0,46601.0,4550.0
Death Wish,(2018),R,107.0,"Action, Crime, Drama",6.4,31.0,45469.0,3402.0
Mortal Engines,(2018),PG-13,128.0,"Action, Adventure, Fantasy",6.2,44.0,43416.0,1595.0
Christopher Robin,(2018),PG,104.0,"Animation, Adventure, Comedy",7.4,60.0,42814.0,9922.0
Mile 22,(2018),R,94.0,"Action, Adventure, Thriller",6.1,38.0,41994.0,3611.0
The Spy Who Dumped Me,(2018),R,117.0,"Action, Adventure, Comedy",6.0,52.0,41614.0,3356.0
Fifty Shades Freed,(2018),R,105.0,"Drama, Romance, Thriller",4.5,31.0,41140.0,10041.0
Outlaw King,(2018),R,121.0,"Action, Biography, Drama",7.0,59.0,40564.0,40396.0
Johnny English Strikes Again,(2018),PG,89.0,"Action, Adventure, Comedy",6.2,39.0,40396.0,428.0
Mowgli: Legend of the Jungle,(2018),PG-13,104.0,"Adventure, Drama, Fantasy",6.5,51.0,40331.0,39546.0
Insidious: The Last Key,(2018),PG-13,103.0,"Horror, Mystery, Thriller",5.7,49.0,39546.0,6735.0
Vice,(I) (2018),R,132.0,"Biography, Comedy, Drama",7.2,61.0,38982.0,4712.0
Overlord,(2018),R,110.0,"Action, Adventure, Horror",6.8,60.0,38265.0,2170.0
Mandy,(I) (2018),Not Rated,121.0,"Action, Fantasy, Horror",6.6,81.0,38096.0,121.0
Hotel Transylvania 3: Summer Vacation,(2018),PG,97.0,"Animation, Adventure, Comedy",6.3,54.0,37270.0,16751.0
Tully,(2018),R,95.0,"Comedy, Drama, Mystery",7.0,75.0,36942.0,923.0
The First Purge,(2018),R,98.0,"Action, Horror, Sci-Fi",5.1,54.0,36305.0,6909.0
Alpha,(2018),PG-13,96.0,"Adventure, Drama, Family",6.7,63.0,36242.0,3585.0
Extinction,(2018),TV-MA,95.0,"Action, Drama, Sci-Fi",5.8,40.0,35039.0,35035.0
I Feel Pretty,(2018),PG-13,110.0,Comedy,5.4,48.0,35035.0,4880.0
Eighth Grade,(2018),R,93.0,"Comedy, Drama",7.5,90.0,34981.0,1354.0
Sorry to Bother You,(2018),R,111.0,"Comedy, Fantasy, Sci-Fi",7.0,80.0,34481.0,1749.0
The Christmas Chronicles,(2018),TV-PG,104.0,"Adventure, Comedy, Family",7.1,52.0,34243.0,34192.0
How It Ends,(2018),TV-MA,113.0,"Action, Adventure, Drama",5.0,36.0,34192.0,33828.0
Mary Poppins Returns,(2018),PG,130.0,"Comedy, Family, Fantasy",7.2,66.0,33828.0,17093.0
A Wrinkle in Time,(2018),PG,109.0,"Adventure, Family, Fantasy",4.2,53.0,32886.0,10048.0
Adrift,(I) (2018),PG-13,96.0,"Action, Adventure, Biography",6.6,56.0,30521.0,3145.0
Truth or Dare,(I) (2018),PG-13,100.0,"Horror, Thriller",5.1,35.0,30456.0,4072.0
Peppermint,(2018),R,101.0,"Action, Crime, Drama",6.5,29.0,29832.0,3542.0
Set It Up,(2018),TV-14,105.0,"Comedy, Romance",6.5,62.0,29620.0,29186.0
Unsane,(2018),R,98.0,"Drama, Horror, Mystery",6.4,63.0,29186.0,773.0
Robin Hood,(I) (2018),PG-13,116.0,"Action, Adventure, Thriller",5.3,32.0,28740.0,3082.0
Leave No Trace,(2018),PG,109.0,Drama,7.2,88.0,28424.0,605.0
The House with a Clock in Its Walls,(2018),PG,105.0,"Comedy, Family, Fantasy",6.1,57.0,28312.0,6855.0
Anon,(I) (2018),TV-MA,100.0,"Sci-Fi, Thriller",6.1,54.0,26996.0,26822.0
The House That Jack Built,(2018),R,152.0,"Crime, Drama, Horror",7.0,42.0,26095.0,9.0
Hotel Artemis,(2018),R,94.0,"Action, Crime, Drama",6.1,58.0,26089.0,671.0
Peter Rabbit,(2018),PG,95.0,"Animation, Adventure, Comedy",6.6,51.0,26013.0,11525.0
Apostle,(2018),TV-MA,130.0,"Drama, Fantasy, Horror",6.3,62.0,25951.0,25877.0
Cold War,(2018),R,89.0,"Drama, Music, Romance",7.7,90.0,25877.0,410.0
Suspiria,(I) (2018),R,152.0,"Fantasy, Horror, Mystery",6.9,64.0,25838.0,247.0
American Animals,(2018),R,116.0,"Biography, Crime, Drama",7.0,68.0,25817.0,286.0
Hunter Killer,(2018),R,122.0,"Action, Thriller",6.6,43.0,25574.0,1577.0
The Grinch,(2018),PG,86.0,"Animation, Comedy, Family",6.3,51.0,24766.0,27060.0
Hold the Dark,(2018),TV-MA,125.0,"Adventure, Drama, Horror",5.6,63.0,24444.0,24127.0
Mute,(II) (2018),TV-MA,126.0,"Mystery, Sci-Fi, Thriller",5.4,35.0,24127.0,23712.0
Sierra Burgess Is a Loser,(2018),PG-13,105.0,"Comedy, Drama, Romance",6.0,60.0,23586.0,23277.0
Beautiful Boy,(I) (2018),R,120.0,"Biography, Drama",7.3,62.0,23277.0,765.0
The Titan,(2018),TV-MA,97.0,"Drama, Mystery, Romance",4.8,33.0,22775.0,22676.0
Life of the Party,(I) (2018),PG-13,105.0,Comedy,5.5,46.0,22676.0,5286.0
Overboard,(I) (2018),PG-13,112.0,"Comedy, Romance",5.9,42.0,22438.0,5032.0
Winchester,(2018),PG-13,99.0,"Biography, Drama, Fantasy",5.4,28.0,22398.0,2509.0
Padmaavat,(2018),Not Rated,164.0,"Drama, History, Romance",7.0,63.0,22199.0,1185.0
Braven,(2018),R,94.0,"Action, Drama",6.1,61.0,21688.0,21680.0
The Sisters Brothers,(2018),R,122.0,"Adventure, Comedy, Crime",7.0,78.0,21680.0,314.0
The Mule,(2018),R,116.0,"Crime, Drama, Thriller",7.2,58.0,20741.0,10345.0
"Game Over, Man!",(2018),TV-MA,101.0,"Action, Comedy",5.4,32.0,20426.0,20370.0
The Girl in the Spider's Web,(2018),R,117.0,"Action, Crime, Drama",6.1,43.0,20370.0,1484.0
The 15:17 to Paris,(2018),PG-13,94.0,"Biography, Drama",5.2,45.0,20317.0,3625.0
The Strangers: Prey at Night,(2018),R,85.0,Horror,5.2,48.0,20208.0,2443.0
The Guernsey Literary and Potato Peel Pie Society,(2018),TV-14,124.0,"Drama, History, Romance",7.4,65.0,19898.0,19787.0
The Old Man & the Gun,(2018),PG-13,93.0,"Biography, Comedy, Crime",6.8,80.0,19762.0,1128.0
Gringo,(2018),R,111.0,"Action, Comedy, Crime",6.1,46.0,19746.0,497.0
Smallfoot,(2018),PG,96.0,"Animation, Adventure, Comedy",6.7,60.0,19588.0,8324.0
Night School,(2018),PG-13,111.0,Comedy,5.6,43.0,18794.0,7734.0
Tau,(2018),R,97.0,"Sci-Fi, Thriller",5.7,43.0,18768.0,18766.0
Summer of 84,(2018),Not Rated,105.0,"Drama, Horror, Mystery",6.7,57.0,18766.0,18690.0
The Guilty,(2018),R,85.0,"Crime, Drama, Thriller",7.6,83.0,18690.0,21.0
Shoplifters,(2018),R,121.0,"Crime, Drama",8.1,93.0,18602.0,316.0
The Darkest Minds,(2018),PG-13,104.0,"Action, Adventure, Drama",5.7,39.0,18458.0,1270.0
Operation Finale,(2018),PG-13,122.0,"Biography, Drama, History",6.5,58.0,18313.0,1761.0
Super Troopers 2,(2018),R,99.0,"Comedy, Crime, Mystery",6.1,41.0,18293.0,3062.0
Instant Family,(2018),PG-13,118.0,"Comedy, Drama",7.5,57.0,17924.0,6736.0
22 July,(2018),R,143.0,"Crime, Drama, History",6.8,69.0,17580.0,17547.0
Can You Ever Forgive Me?,(2018),R,106.0,"Biography, Comedy, Crime",7.2,87.0,17522.0,875.0
Slender Man,(2018),PG-13,93.0,"Horror, Mystery, Thriller",3.2,30.0,16668.0,3057.0
Book Club,(I) (2018),PG-13,104.0,"Comedy, Drama, Romance",6.1,53.0,16397.0,6857.0
Traffik,(2018),R,96.0,Thriller,6.0,37.0,16015.0,919.0
Dumplin',(2018),PG-13,110.0,"Comedy, Drama, Musical",6.8,53.0,15809.0,15730.0
Incident in a Ghostland,(2018),Not Rated,91.0,"Drama, Horror, Mystery",6.4,44.0,15643.0,15627.0
The Outsider,(I) (2018),TV-MA,120.0,"Crime, Drama, Thriller",6.3,30.0,15337.0,15186.0
Cam,(2018),TV-MA,94.0,"Horror, Mystery, Thriller",6.0,71.0,15131.0,15114.0
Burning,(2018),Not Rated,148.0,"Drama, Mystery",7.6,90.0,15007.0,71.0
Early Man,(2018),PG,89.0,"Animation, Adventure, Comedy",6.1,68.0,14821.0,827.0
The Happytime Murders,(2018),R,91.0,"Action, Comedy, Crime",5.3,27.0,14733.0,2071.0
The Nutcracker and the Four Realms,(2018),PG,99.0,"Adventure, Family, Fantasy",5.5,39.0,14622.0,5486.0
Mid90s,(2018),R,85.0,"Comedy, Drama",7.4,66.0,14598.0,736.0
Like Father,(I) (2018),TV-MA,98.0,"Comedy, Drama",6.1,52.0,14587.0,14557.0
Won't You Be My Neighbor?,(2018),PG-13,94.0,"Documentary, Biography",8.5,85.0,14536.0,2261.0
Climax,(I) (2018),R,95.0,"Drama, Horror, Music",7.3,83.0,14264.0,14233.0
The Hurricane Heist,(2018),PG-13,103.0,"Action, Crime, Thriller",5.1,35.0,14233.0,612.0
Midnight Sun,(2018),PG-13,91.0,"Drama, Romance",6.6,38.0,14232.0,956.0
Calibre,(2018),TV-MA,101.0,Thriller,6.7,76.0,14154.0,13888.0
Blindspotting,(2018),R,95.0,"Comedy, Crime, Drama",7.4,77.0,13888.0,433.0
Beirut,(2018),R,109.0,"Drama, Thriller",6.4,69.0,13820.0,502.0
Mary Queen of Scots,(2018),R,124.0,"Biography, Drama, History",6.4,60.0,13819.0,1647.0
If Beale Street Could Talk,(2018),R,119.0,"Crime, Drama, Romance",7.5,87.0,13804.0,1443.0
The Hate U Give,(2018),PG-13,133.0,"Crime, Drama",7.2,81.0,13371.0,2972.0
Terminal,(I) (2018),Not Rated,95.0,"Crime, Drama, Thriller",5.3,27.0,13280.0,13261.0
Destination Wedding,(2018),R,90.0,"Comedy, Drama, Romance",6.0,46.0,12972.0,12919.0
Boy Erased,(2018),R,115.0,"Biography, Drama",7.0,69.0,12919.0,679.0
The Week Of,(2018),TV-14,116.0,Comedy,5.1,41.0,12754.0,12734.0
Dragon Ball Super: Broly,(2018),PG,100.0,"Animation, Action, Adventure",8.2,59.0,12725.0,3071.0
White Boy Rick,(2018),R,111.0,"Crime, Drama",6.5,59.0,12255.0,2401.0
Everybody Knows,(2018),R,133.0,"Crime, Drama, Mystery",7.0,68.0,12181.0,69.0
"Don't Worry, He Won't Get Far on Foot",(2018),R,114.0,"Biography, Comedy, Drama",6.9,67.0,11930.0,144.0
Bad Samaritan,(2018),R,110.0,"Crime, Thriller",6.4,42.0,11889.0,344.0
Ibiza,(2018),TV-MA,94.0,"Comedy, Romance",5.2,56.0,11873.0,11716.0
Every Day,(2018),PG-13,97.0,"Drama, Fantasy, Romance",6.4,52.0,11560.0,610.0
Three Identical Strangers,(2018),PG-13,96.0,"Documentary, Biography, Drama",7.7,81.0,11344.0,1232.0
Unfriended: Dark Web,(2018),R,92.0,"Crime, Horror, Mystery",5.8,53.0,11148.0,878.0
Under the Silver Lake,(2018),R,139.0,"Comedy, Crime, Drama",6.3,59.0,11086.0,11039.0
They Shall Not Grow Old,(2018),R,99.0,"Documentary, History, War",8.5,91.0,11039.0,1640.0
Teen Titans Go! To the Movies,(2018),PG,84.0,"Animation, Action, Comedy",6.8,69.0,10945.0,2956.0
Alex Strangelove,(2018),TV-MA,99.0,"Comedy, Drama, Romance",6.3,62.0,10572.0,10503.0
I Can Only Imagine,(2018),PG,110.0,"Biography, Drama, Family",7.4,30.0,10338.0,8348.0
Replicas,(2018),PG-13,107.0,"Sci-Fi, Thriller",5.4,19.0,10327.0,405.0
Wildlife,(2018),PG-13,105.0,Drama,7.0,80.0,10067.0,103.0
At Eternity's Gate,(2018),PG-13,111.0,"Biography, Drama",6.9,78.0,10065.0,229.0
The Miseducation of Cameron Post,(2018),Not Rated,91.0,Drama,6.7,69.0,10043.0,90.0
A Futile and Stupid Gesture,(2018),TV-MA,101.0,"Biography, Comedy",6.8,55.0,9969.0,9926.0
Fahrenheit 11/9,(2018),R,128.0,Documentary,6.6,69.0,9639.0,635.0
"Juliet, Naked",(2018),R,97.0,"Comedy, Drama, Music",6.6,67.0,9399.0,344.0
Occupation,(I) (2018),R,119.0,"Action, Drama, Sci-Fi",5.2,45.0,9274.0,9261.0
7 Days in Entebbe,(2018),PG-13,107.0,"Action, Drama, History",5.8,49.0,9249.0,319.0
Colette,(I) (2018),R,111.0,"Biography, Drama, History",6.8,74.0,9171.0,514.0
The Tale,(2018),TV-MA,114.0,"Drama, Mystery, Thriller",7.3,90.0,9117.0,9078.0
Goosebumps 2: Haunted Halloween,(2018),PG,90.0,"Adventure, Comedy, Family",5.7,53.0,9078.0,4670.0
Forever My Girl,(2018),PG,108.0,"Drama, Music, Romance",6.7,36.0,8952.0,1638.0
Free Solo,(2018),PG-13,100.0,Documentary,8.4,83.0,8881.0,1650.0
In Darkness,(2018),Not Rated,110.0,"Mystery, Thriller",5.8,59.0,8825.0,8768.0
Private Life,(2018),R,123.0,Drama,7.3,83.0,8716.0,8705.0
Gotti,(2018),R,112.0,"Biography, Crime, Drama",4.8,24.0,8705.0,434.0
Breaking In,(2018),PG-13,88.0,"Action, Crime, Drama",5.3,42.0,8699.0,4638.0
Uncle Drew,(2018),PG-13,103.0,"Comedy, Sport",5.7,57.0,8479.0,4247.0
Holmes & Watson,(2018),PG-13,90.0,"Adventure, Comedy, Crime",3.4,24.0,8001.0,3057.0
Siberia,(2018),R,104.0,"Crime, Romance, Thriller",4.3,34.0,7544.0,7535.0
Wildling,(2018),R,92.0,"Drama, Fantasy, Horror",5.5,58.0,7535.0,7421.0
Kin,(I) (2018),PG-13,102.0,"Action, Drama, Sci-Fi",5.7,35.0,7400.0,572.0
Father of the Year,(2018),TV-14,94.0,Comedy,5.2,32.0,7238.0,7234.0
Down a Dark Hall,(2018),PG-13,96.0,"Drama, Fantasy, Horror",5.2,56.0,7229.0,7226.0
Hell Fest,(2018),R,89.0,Horror,5.5,26.0,7226.0,1111.0
Sherlock Gnomes,(2018),PG,86.0,"Animation, Adventure, Comedy",5.1,36.0,7218.0,4324.0
Acts of Violence,(2018),R,86.0,"Action, Crime",5.2,28.0,7153.0,7153.0
Life Itself,(2018),R,117.0,"Drama, Romance",6.5,21.0,7153.0,410.0
Billionaire Boys Club,(2018),R,108.0,"Biography, Drama, Thriller",5.6,30.0,7079.0,7077.0
Active Measures,(2018),PG-13,109.0,Documentary,8.3,68.0,6780.0,1.0
Assassination Nation,(2018),R,108.0,"Action, Comedy, Crime",5.9,56.0,6754.0,196.0
Capharnaüm,(2018),R,126.0,Drama,8.4,75.0,6742.0,123.0
The Possession of Hannah Grace,(2018),R,86.0,"Horror, Mystery, Thriller",5.1,37.0,6648.0,1484.0
Stan & Ollie,(2018),PG,98.0,"Biography, Comedy, Drama",7.6,75.0,6619.0,500.0
RBG,(2018),PG,98.0,"Documentary, Biography",7.5,71.0,6498.0,1402.0
The Kindergarten Teacher,(2018),R,96.0,Drama,6.8,75.0,6487.0,6483.0
Proud Mary,(2018),R,89.0,"Action, Crime, Drama",4.9,35.0,6332.0,2087.0
Spinning Man,(2018),R,100.0,"Drama, Mystery, Thriller",5.6,44.0,6290.0,6256.0
The Clovehitch Killer,(2018),Unrated,109.0,"Drama, Horror, Mystery",6.6,59.0,6122.0,1.0
Utøya: July 22,(2018),Not Rated,93.0,"Drama, Thriller",7.5,75.0,6076.0,6032.0
A Private War,(2018),R,110.0,"Biography, Drama, War",6.7,75.0,5935.0,163.0
Galveston,(2018),Not Rated,91.0,"Action, Crime, Drama",6.2,57.0,5892.0,5863.0
Border,(2018),R,110.0,"Drama, Fantasy, Romance",7.1,75.0,5795.0,77.0
Nappily Ever After,(2018),TV-MA,98.0,"Comedy, Drama, Romance",6.4,63.0,5773.0,5745.0
Second Act,(2018),PG-13,103.0,"Comedy, Drama, Romance",5.9,46.0,5714.0,3928.0
Action Point,(2018),R,85.0,Comedy,5.0,36.0,5649.0,506.0
Death of a Nation,(I) (2018),PG-13,108.0,"Documentary, History",4.7,1.0,5648.0,589.0
Black '47,(2018),R,100.0,"Action, Drama",6.9,65.0,5626.0,5.0
The Man Who Killed Don Quixote,(2018),Not Rated,132.0,"Adventure, Comedy, Drama",6.5,56.0,5506.0,5498.0
Hearts Beat Loud,(2018),PG-13,97.0,"Comedy, Drama, Music",6.9,65.0,5498.0,239.0
Final Score,(2018),R,104.0,"Action, Drama, Thriller",5.7,53.0,5424.0,5405.0
Happy as Lazzaro,(2018),PG-13,125.0,Drama,7.7,86.0,5353.0,5310.0
A-X-L,(2018),PG,98.0,"Action, Adventure, Family",5.2,29.0,5310.0,650.0
Mary Magdalene,(2018),Not Rated,120.0,Drama,5.8,47.0,5208.0,5171.0
"Paul, Apostle of Christ",(2018),PG-13,108.0,"Adventure, Biography, Drama",6.7,52.0,5132.0,1756.0
La nuit a dévoré le monde,(2018),TV-14,93.0,Horror,6.0,50.0,5083.0,5055.0
Acrimony,(2018),R,120.0,"Drama, Romance, Thriller",5.7,32.0,5042.0,4355.0
King of Thieves,(2018),R,108.0,"Crime, Drama",5.6,47.0,4945.0,4919.0
The Mercy,(2018),Not Rated,112.0,"Adventure, Biography, Drama",6.0,60.0,4792.0,4740.0
The Vanishing,(2018),R,101.0,"Drama, Mystery, Thriller",5.8,66.0,4700.0,4697.0
Little Italy,(2018),R,102.0,"Comedy, Romance",5.7,28.0,4687.0,99.0
I Think We're Alone Now,(2018),R,93.0,"Drama, Mystery, Sci-Fi",5.6,51.0,4647.0,4645.0
Zoe,(I) (2018),R,104.0,"Romance, Sci-Fi",6.1,39.0,4613.0,4583.0
On the Basis of Sex,(2018),PG-13,120.0,"Biography, Drama",6.6,60.0,4583.0,2448.0
Destroyer,(2018),R,121.0,"Action, Crime, Drama",6.6,62.0,4500.0,151.0
Robin Williams: Come Inside My Mind,(2018),TV-MA,116.0,"Documentary, Biography, Comedy",8.0,74.0,4417.0,4414.0
211,(2018),R,86.0,"Action, Crime, Drama",4.4,21.0,4303.0,4288.0
Girl,(II) (2018),R,109.0,Drama,7.2,77.0,4189.0,4173.0
SuperFly,(2018),R,116.0,"Action, Crime, Thriller",5.1,52.0,4140.0,2055.0
I Still See You,(2018),PG-13,98.0,"Fantasy, Thriller",5.7,31.0,4071.0,4054.0
The Little Stranger,(2018),R,111.0,"Drama, Horror, Mystery",5.6,67.0,4030.0,71.0
McQueen,(2018),R,111.0,"Documentary, Biography",7.9,84.0,4011.0,126.0
The Front Runner,(2018),R,113.0,"Biography, Drama, History",6.3,61.0,3994.0,200.0
The Land of Steady Habits,(2018),TV-MA,98.0,"Comedy, Drama",6.2,71.0,3992.0,3979.0
The Other Side of the Wind,(2018),R,122.0,Drama,7.0,78.0,3956.0,3950.0
Ben Is Back,(2018),R,103.0,Drama,6.9,68.0,3930.0,370.0
Whitney,(2018),R,120.0,"Documentary, Biography, Music",7.2,75.0,3929.0,303.0
Future World,(2018),R,90.0,"Action, Adventure, Sci-Fi",3.1,10.0,3889.0,3877.0
The Catcher Was a Spy,(2018),R,98.0,"Biography, Drama, War",6.1,49.0,3836.0,71.0
Arizona,(2018),TV-MA,85.0,"Comedy, Thriller",5.7,41.0,3787.0,3784.0
Support the Girls,(2018),R,93.0,"Comedy, Drama",6.5,85.0,3706.0,13.0
Mara,(I) (2018),R,98.0,"Crime, Horror, Thriller",5.1,32.0,3661.0,3656.0
Reprisal,(I) (2018),R,89.0,"Action, Crime, Thriller",4.2,19.0,3551.0,3549.0
Vox Lux,(2018),R,114.0,"Drama, Music",6.2,68.0,3520.0,73.0
Welcome to Marwen,(2018),PG-13,116.0,"Biography, Comedy, Drama",5.9,40.0,3501.0,1076.0
Looking Glass,(I) (2018),R,103.0,"Mystery, Thriller",4.5,33.0,3446.0,3445.0
Skjelvet,(2018),PG-13,106.0,"Action, Drama, Thriller",6.2,70.0,3445.0,1.0
Mirai,(2018),PG,98.0,"Animation, Adventure, Drama",7.1,81.0,3415.0,81.0
Our House,(I) (2018),PG-13,90.0,"Drama, Horror, Thriller",5.3,45.0,3349.0,3328.0
Lizzie,(2018),R,105.0,"Biography, Crime, Drama",5.7,59.0,3293.0,64.0
Take Your Pills,(2018),TV-14,87.0,Documentary,6.4,54.0,3261.0,3240.0
Show Dogs,(2018),PG,92.0,"Adventure, Comedy, Family",3.6,31.0,3238.0,1774.0
Between Worlds,(2018),R,90.0,"Fantasy, Thriller",5.2,24.0,3227.0,3225.0
Samson,(2018),PG-13,110.0,"Action, Drama",4.4,17.0,3198.0,472.0
Prospect,(2018),R,100.0,"Drama, Sci-Fi, Thriller",6.2,68.0,3195.0,3184.0
Kickboxer: Retaliation,(2018),R,110.0,"Action, Drama",5.0,54.0,3184.0,0.0
Elizabeth Harvest,(2018),R,105.0,"Sci-Fi, Thriller",5.7,54.0,2870.0,2864.0
El Angel,(2018),Not Rated,118.0,"Biography, Crime, Drama",7.2,61.0,2864.0,9.0
Backstabbing for Beginners,(2018),R,108.0,"Drama, History, Romance",6.2,48.0,2852.0,2851.0
The Miracle Season,(2018),PG,101.0,"Drama, Sport",6.5,44.0,2838.0,1023.0
Puzzle,(II) (2018),R,103.0,Drama,6.8,66.0,2825.0,203.0
6 Balloons,(2018),TV-MA,74.0,Drama,5.8,66.0,2770.0,2769.0
Black Water,(2018),R,104.0,"Action, Drama, Thriller",4.7,16.0,2738.0,2736.0
The Legacy of a Whitetail Deer Hunter,(2018),TV-14,83.0,"Adventure, Comedy, Drama",5.5,49.0,2736.0,2728.0
They'll Love Me When I'm Dead,(2018),TV-MA,98.0,Documentary,7.5,77.0,2661.0,2644.0
Nobody's Fool,(2018),R,110.0,"Comedy, Drama, Romance",4.5,39.0,2639.0,3171.0
The Happy Prince,(2018),R,105.0,"Biography, Drama",6.3,64.0,2618.0,47.0
Blood Fest,(2018),Not Rated,92.0,"Comedy, Horror",5.3,54.0,2571.0,2570.0
Benji,(I) (2018),TV-PG,87.0,"Crime, Drama, Family",6.4,53.0,2528.0,2510.0
What Keeps You Alive,(2018),R,98.0,"Horror, Thriller",5.8,66.0,2441.0,2439.0
God's Not Dead: A Light in Darkness,(2018),PG,105.0,Drama,4.4,33.0,2382.0,573.0
The Man Who Killed Hitler and Then The Bigfoot,(2018),Not Rated,98.0,"Adventure, Drama, Sci-Fi",5.6,50.0,2357.0,2345.0
Scorched Earth,(2018),R,96.0,"Action, Sci-Fi",4.6,32.0,2278.0,2276.0
We the Animals,(2018),R,94.0,Drama,6.9,84.0,2093.0,40.0
Piercing,(2018),R,81.0,"Horror, Thriller",5.7,63.0,2048.0,2.0
Dog Days,(I) (2018),PG,113.0,"Comedy, Drama",6.1,47.0,2043.0,681.0
Madeline's Madeline,(2018),Unrated,93.0,"Drama, Mystery, Thriller",6.4,76.0,2042.0,18.0
Werk ohne Autor,(2018),R,188.0,"Drama, History, Thriller",7.6,69.0,1994.0,47.0
An Evening with Beverly Luff Linn,(2018),R,108.0,"Comedy, Crime",5.7,54.0,1974.0,1.0
Le monde est à toi,(2018),TV-MA,94.0,"Comedy, Crime",6.5,73.0,1955.0,1952.0
River Runs Red,(2018),Not Rated,94.0,Thriller,5.0,26.0,1946.0,1946.0
Puppet Master: The Littlest Reich,(2018),Not Rated,90.0,"Comedy, Horror",5.4,52.0,1946.0,1943.0
Welcome Home,(I) (2018),R,97.0,Thriller,5.1,38.0,1928.0,1927.0
Skate Kitchen,(2018),R,106.0,Drama,6.8,72.0,1882.0,24.0
Slice,(2018),R,83.0,"Comedy, Crime, Fantasy",4.5,61.0,1830.0,1829.0
At First Light,(I) (2018),TV-14,90.0,"Drama, Sci-Fi, Thriller",5.5,49.0,1814.0,0.0
Boarding School,(2018),R,111.0,"Horror, Mystery",5.7,45.0,1796.0,1794.0
The Oath,(2018),R,93.0,"Comedy, Thriller",5.2,58.0,1764.0,40.0
Damsel,(I) (2018),R,113.0,"Comedy, Drama, Western",5.6,63.0,1753.0,31.0
La enfermedad del domingo,(2018),PG-13,113.0,Drama,7.0,92.0,1751.0,1745.0
The Devil's Doorway,(2018),Unrated,76.0,Horror,5.2,48.0,1713.0,1713.0
Duck Butter,(2018),Not Rated,93.0,"Comedy, Drama, Romance",5.3,58.0,1707.0,1.0
The Laws of Thermodynamics,(2018),TV-MA,100.0,Comedy,6.0,45.0,1686.0,1686.0
Arctic,(2018),PG-13,98.0,"Adventure, Drama",7.3,71.0,1685.0,105.0
Rust Creek,(2018),R,108.0,"Drama, Thriller",5.7,59.0,1678.0,1675.0
A Kid Like Jake,(2018),R,92.0,"Drama, Family",5.3,60.0,1555.0,4.0
Kursk,(2018),PG-13,117.0,"Action, Drama, History",6.7,53.0,1549.0,1548.0
The Bleeding Edge,(2018),TV-14,99.0,Documentary,7.7,74.0,1518.0,1514.0
Nancy,(2018),Not Rated,85.0,"Drama, Mystery, Thriller",6.2,67.0,1481.0,8.0
The Seagull,(I) (2018),PG-13,98.0,"Comedy, Drama, Romance",5.8,58.0,1479.0,125.0
First Match,(2018),TV-MA,102.0,"Drama, Sport",6.3,68.0,1470.0,1466.0
London Fields,(2018),R,118.0,"Crime, Mystery, Thriller",4.4,16.0,1459.0,25.0
Boundaries,(I) (2018),R,104.0,"Comedy, Drama",4.5,50.0,1432.0,70.0
14 Cameras,(2018),TV-MA,90.0,"Horror, Thriller",4.5,25.0,1425.0,1425.0
Come Sunday,(2018),TV-14,106.0,Drama,5.9,65.0,1424.0,1423.0
Lords of Chaos,(2018),R,118.0,"Biography, Drama, Horror",6.4,47.0,1363.0,17.0
Generation Wealth,(2018),R,105.0,Documentary,6.3,53.0,1354.0,24.0
Never Goin' Back,(2018),R,85.0,"Comedy, Crime, Drama",5.9,62.0,1318.0,6.0
The Rachel Divide,(2018),TV-MA,100.0,Documentary,6.2,59.0,1311.0,1308.0
High Life,(2018),R,110.0,"Adventure, Drama, Horror",6.7,81.0,1305.0,1303.0
Pope Francis: A Man of His Word,(2018),PG,96.0,"Documentary, Biography",5.8,63.0,1281.0,182.0
Unbroken: Path to Redemption,(2018),PG-13,98.0,"Biography, Drama",5.7,39.0,1184.0,622.0
Tang ren jie tan an 2,(2018),R,121.0,"Action, Comedy, Mystery",6.1,48.0,1170.0,198.0
What They Had,(2018),R,101.0,Drama,6.5,69.0,1169.0,26.0
Dovlatov,(2018),PG-13,126.0,"Biography, Drama",6.5,68.0,1165.0,1163.0
Speed Kills,(2018),R,102.0,"Action, Crime, Drama",4.0,19.0,1163.0,1161.0
Monster Party,(2018),Unrated,89.0,"Horror, Mystery, Thriller",5.3,58.0,1142.0,1141.0
Luis and His Friends from Outer Space,(2018),PG,86.0,"Animation, Adventure, Comedy",6.1,46.0,1120.0,15.0
BuyBust,(2018),Not Rated,127.0,"Action, Thriller",5.8,68.0,1098.0,18.0
Asher,(II) (2018),R,117.0,"Drama, Thriller",5.4,58.0,1093.0,1089.0
Soni,(2018),TV-MA,97.0,Drama,7.3,68.0,1063.0,1062.0
Sgt. Stubby: An American Hero,(2018),PG,84.0,"Animation, Adventure, Family",6.9,57.0,1053.0,314.0
The Long Dumb Road,(2018),R,90.0,Comedy,6.0,64.0,1037.0,0.0
Blaze,(2018),R,129.0,"Biography, Drama, Music",6.8,75.0,1033.0,7.0
Jane Fonda in Five Acts,(2018),TV-14,133.0,Documentary,7.9,87.0,1022.0,1022.0
Gongjak,(2018),Not Rated,137.0,Drama,7.2,69.0,1007.0,50.0
Oiktos,(2018),Not Rated,97.0,Drama,6.7,77.0,995.0,993.0
Monsters and Men,(2018),R,96.0,"Crime, Drama, Thriller",5.5,68.0,984.0,50.0
"Ruben Brandt, Collector",(2018),R,96.0,"Animation, Crime, Drama",7.9,78.0,973.0,2.0
Peterloo,(2018),PG-13,154.0,"Drama, History",6.5,70.0,959.0,958.0
Bigger,(2018),PG-13,107.0,"Biography, Drama",6.6,37.0,939.0,5.0
Pledge,(2018),Unrated,77.0,"Horror, Thriller",5.6,54.0,929.0,928.0
Andið eðlilega,(2018),TV-14,95.0,Drama,6.9,77.0,915.0,914.0
Xi you ji zhi nü er guo,(2018),Not Rated,114.0,"Action, Adventure, Fantasy",5.5,51.0,905.0,19.0
Tea with the Dames,(2018),Unrated,84.0,Documentary,7.4,85.0,864.0,87.0
The Party's Just Beginning,(2018),Not Rated,91.0,"Comedy, Drama",6.2,71.0,861.0,860.0
Double Lives,(2018),R,108.0,"Comedy, Drama, Romance",6.5,82.0,857.0,857.0
The Standoff at Sparrow Creek,(2018),Unrated,88.0,"Crime, Drama, Thriller",6.2,62.0,854.0,852.0
Where Hands Touch,(2018),PG-13,122.0,"Drama, Romance, War",5.5,45.0,851.0,7.0
Social Animals,(I) (2018),R,90.0,Comedy,5.2,37.0,850.0,849.0
Half Magic,(2018),R,94.0,"Comedy, Romance",4.6,49.0,828.0,827.0
Seeing Allred,(2018),TV-14,96.0,Documentary,6.7,68.0,804.0,803.0
"Love, Gilda",(2018),Not Rated,88.0,Documentary,7.4,74.0,800.0,63.0
Believer,(III) (2018),Not Rated,123.0,"Action, Crime",6.3,58.0,785.0,37.0
Ride,(III) (2018),Unrated,79.0,"Action, Thriller",4.4,45.0,776.0,775.0
Nostalgia,(I) (2018),R,114.0,Drama,5.4,47.0,705.0,11.0
Survivors Guide to Prison,(2018),TV-MA,102.0,Documentary,7.1,66.0,679.0,1.0
Dragged Across Concrete,(2018),R,159.0,"Action, Crime, Drama",8.2,58.0,667.0,666.0
All About Nina,(2018),R,97.0,"Comedy, Drama",5.6,70.0,662.0,10.0
Netemo sametemo,(2018),Not Rated,119.0,"Drama, Romance",6.5,62.0,652.0,652.0
Delirium,(II) (2018),TV-MA,86.0,"Horror, Thriller",3.2,27.0,625.0,624.0
Indivisible,(II) (2018),PG-13,119.0,"Drama, War",5.6,53.0,623.0,351.0
Don't Go,(I) (2018),Unrated,91.0,Mystery,5.1,45.0,601.0,600.0
Braid,(2018),R,82.0,"Horror, Mystery, Thriller",5.2,60.0,591.0,590.0
All the Devil's Men,(2018),R,99.0,Action,5.0,27.0,581.0,581.0
Bayou Caviar,(2018),TV-MA,111.0,"Crime, Drama, Mystery",5.4,36.0,575.0,574.0
The Escape of Prisoner 614,(2018),PG-13,97.0,"Action, Adventure, Comedy",4.5,31.0,574.0,574.0
Perfectos desconocidos,(2018),R,97.0,Comedy,6.7,63.0,571.0,571.0
Dark Money,(2018),TV-14,99.0,Documentary,7.1,72.0,567.0,21.0
The New Romantic,(2018),Not Rated,82.0,"Comedy, Drama, Romance",5.8,55.0,548.0,548.0
Blue Night,(2018),R,91.0,"Drama, Music, Romance",4.4,45.0,548.0,1.0
Untogether,(2018),R,98.0,Drama,6.0,46.0,535.0,534.0
Supercon,(2018),R,100.0,"Action, Comedy",3.7,9.0,532.0,340.0
Viking Destiny,(2018),R,91.0,"Action, Adventure, Fantasy",4.2,25.0,531.0,530.0
Measure of a Man,(2018),PG-13,100.0,"Comedy, Drama",6.2,53.0,523.0,522.0
Cruise,(2018),TV-MA,90.0,"Drama, Romance",5.1,46.0,511.0,510.0
Postcards from London,(2018),Not Rated,90.0,Drama,4.9,42.0,490.0,1.0
Pass Over,(2018),Not Rated,74.0,Drama,5.7,73.0,488.0,488.0
Little Women,(2018),PG-13,112.0,"Drama, Family",4.6,40.0,488.0,138.0
God Bless the Broken Road,(2018),PG,111.0,"Drama, Family, Romance",5.0,31.0,475.0,285.0
Ya Veremos,(2018),PG-13,85.0,Drama,5.5,25.0,474.0,417.0
Gueule d'ange,(2018),Not Rated,108.0,Drama,6.0,37.0,453.0,453.0
Snapshots,(2018),TV-MA,95.0,Drama,6.7,63.0,450.0,449.0
Tyrel,(2018),Not Rated,86.0,"Comedy, Drama",5.4,71.0,430.0,2.0
The Amityville Murders,(2018),Not Rated,97.0,Horror,4.9,35.0,422.0,421.0
The Price of Everything,(2018),TV-14,98.0,Documentary,7.1,76.0,393.0,9.0
Path of Blood,(2018),R,92.0,Documentary,6.9,63.0,367.0,367.0
King in the Wilderness,(2018),TV-14,111.0,Documentary,7.8,97.0,352.0,352.0
Kusama: Infinity,(2018),Unrated,76.0,Documentary,7.1,71.0,330.0,36.0
Stella's Last Weekend,(2018),Not Rated,102.0,"Comedy, Romance",6.3,60.0,320.0,0.0
Bad Reputation,(2018),R,93.0,"Documentary, Biography, Music",7.3,66.0,312.0,15.0
The Sentence,(2018),TV-PG,85.0,"Documentary, Crime",6.8,69.0,311.0,311.0
La chute de l'empire américain,(2018),R,127.0,Comedy,7.3,63.0,310.0,206.0
Hover,(2018),Not Rated,86.0,Sci-Fi,3.6,40.0,301.0,301.0
Viper Club,(2018),R,109.0,Drama,5.5,57.0,295.0,6.0
All Is True,(2018),PG-13,101.0,"Biography, Drama, History",5.7,56.0,294.0,294.0
An Acceptable Loss,(2018),R,102.0,"Drama, Thriller",4.9,40.0,293.0,3.0
Ophelia,(I) (2018),PG-13,114.0,"Drama, Romance",6.2,65.0,289.0,288.0
Hotel Mumbai,(2018),R,125.0,"Drama, History, Thriller",6.8,66.0,283.0,283.0
Donnybrook,(2018),R,101.0,Drama,6.0,53.0,276.0,1.0
La quietud,(2018),R,117.0,"Drama, Thriller",6.0,61.0,273.0,273.0
Blood Brother,(2018),R,90.0,"Action, Crime, Drama",4.9,18.0,272.0,272.0
Her Smell,(2018),R,134.0,"Drama, Music",6.3,63.0,258.0,258.0
Science Fair,(I) (2018),PG,90.0,Documentary,7.8,79.0,257.0,28.0
Bathtubs Over Broadway,(2018),PG-13,87.0,"Documentary, Comedy",7.8,78.0,254.0,253.0
The World Before Your Feet,(2018),PG-13,95.0,Documentary,8.0,78.0,250.0,25.0
Elliot the Littlest Reindeer,(2018),PG,89.0,"Animation, Family",5.1,38.0,248.0,248.0
Say Her Name: The Life and Death of Sandra Bland,(2018),TV-MA,105.0,Documentary,6.3,76.0,237.0,237.0
All These Small Moments,(2018),Not Rated,100.0,Drama,5.4,60.0,236.0,235.0
Pandas,(2018),G,40.0,Documentary,7.4,82.0,229.0,289.0
Unlovable,(2018),Not Rated,80.0,"Comedy, Drama, Music",5.7,77.0,229.0,229.0
The Oslo Diaries,(2018),TV-14,97.0,Documentary,7.1,70.0,227.0,227.0
Greta,(2018),R,98.0,"Drama, Horror, Mystery",6.3,57.0,226.0,225.0
In Like Flynn,(2018),R,106.0,"Action, Adventure",5.2,66.0,224.0,1.0
